Product Name,2021-11-20
Excella Sunflower Oil (1 x 2L),59.0
Tastic Parboiled Rice (1 x 1kg),16.25
Rhodes Jam Apricot (1 x 460g),37.95
Rhodes Chakalaka With Beans (1 x 400g),17.85
White Star Super Maize Meal (1 x 12.5kg),89.95
Tastic Long Grain Rice White Soft And Absorbing (1 x 2kg),32.95
Pasta Grande Spaghetti (1 x 1kg),23.95
Pasta Grande Screws (1 x 500g),13.95
Cadbury LunchBar Chocolate Bars (1 x 1's),10.45
Beyers Amarula Chocolate Milk (1 x 110g),79.95
Moir's Custard Powder (1 x 500g),31.45
